## PROGRAM 1
### DESCRIPTION:
The following relations keep track of airline flight information:

* FLIGHTS (flno, from, to, distance, departs)
* AIRCRAFT (aid, aname, range)
* CERTIFIED (eid,aid)
* EMPLOYEES (eid,ename,salary)

By definition, pilots are those employees who are certified on at least one aircraft. An aircraft can be used for any flight provided it has sufficient range. Pilots can pilot any flight provided they are certified on an aircraft with sufficient range.

### Queries:

<pre>Write each of the following queries in SQL.

1. Find eid’s of pilots who are certified on some Boeing.
2. Find names of pilots who are certified on some Boeing.
3. Find aid’s of aircraft that can fly non-stop from LA to NY. Assume you don’t already know the distance.
4. Find flno of flights that can be piloted by every pilot whose salary is over $100,000.
5. Find names of pilots who can operate planes with a range greater than 3,000 miles, but are not certified on any Boeing.
6. Find eid of employee(s) with the highest salary.
7. Find eid of employee(s) with the second highest salary.
8. Find eid’s of employees certified on exactly three aircraft. 
</pre>

### Create:
<pre>
mysql> CREATE DATABASE flights;
Query OK, 1 row affected (0.00 sec)
</pre>
<pre>
mysql> USE flights;
Database changed
mysql> CREATE TABLE flight(
    -> flno INT,
    -> from_where VARCHAR(20),
    -> to_where VARCHAR(20),
    -> distance INT,
    -> departs VARCHAR(20),
    -> PRIMARY KEY (flno) );
Query OK, 0 rows affected (0.07 sec)</pre>
<pre>
mysql> DESC flight;
+------------+-------------+------+-----+---------+-------+
| Field      | Type        | Null | Key | Default | Extra |
+------------+-------------+------+-----+---------+-------+
| flno       | int         | NO   | PRI | NULL    |       |
| from_where | varchar(20) | YES  |     | NULL    |       |
| to_where   | varchar(20) | YES  |     | NULL    |       |
| distance   | int         | YES  |     | NULL    |       |
| departs    | varchar(20) | YES  |     | NULL    |       |
+------------+-------------+------+-----+---------+-------+
5 rows in set (0.04 sec)
</pre>
<pre>
mysql> CREATE TABLE aircraft(
    -> aid INT,
    -> aname VARCHAR(20),
    -> arange INT,
    -> PRIMARY KEY (aid) );
Query OK, 0 rows affected (0.19 sec)
</pre>
<pre>
mysql> DESC aircraft;
+--------+-------------+------+-----+---------+-------+
| Field  | Type        | Null | Key | Default | Extra |
+--------+-------------+------+-----+---------+-------+
| aid    | int         | NO   | PRI | NULL    |       |
| aname  | varchar(20) | YES  |     | NULL    |       |
| arange | int         | YES  |     | NULL    |       |
+--------+-------------+------+-----+---------+-------+
3 rows in set (0.00 sec)
</pre>
<pre>
mysql> CREATE TABLE employees(
    -> eid INT,
    -> ename VARCHAR(20),
    -> salary INT,
    -> PRIMARY KEY (eid) );
Query OK, 0 rows affected (0.02 sec)
</pre>
<pre>
mysql> DESC employees;
+--------+-------------+------+-----+---------+-------+
| Field  | Type        | Null | Key | Default | Extra |
+--------+-------------+------+-----+---------+-------+
| eid    | int         | NO   | PRI | NULL    |       |
| ename  | varchar(20) | YES  |     | NULL    |       |
| salary | int         | YES  |     | NULL    |       |
+--------+-------------+------+-----+---------+-------+
3 rows in set (0.00 sec)
</pre>
<pre>
mysql> CREATE TABLE certified(
    -> eid INT,
    -> aid INT,
    -> PRIMARY KEY (eid,aid),
    -> FOREIGN KEY (eid) REFERENCES employees (eid),
    -> FOREIGN KEY (aid) REFERENCES aircraft (aid) );
Query OK, 0 rows affected (0.43 sec)
</pre>
<pre>
mysql> DESC certified;
+-------+------+------+-----+---------+-------+
| Field | Type | Null | Key | Default | Extra |
+-------+------+------+-----+---------+-------+
| eid   | int  | NO   | PRI | NULL    |       |
| aid   | int  | NO   | PRI | NULL    |       |
+-------+------+------+-----+---------+-------+
2 rows in set (0.00 sec)
</pre>

### Insertion:
<pre>mysql> INSERT INTO flight (flno,from_where,to_where,distance,departs) VALUES 
            (1,'LA','NY',2800,'10:45:00'),
            (2,'Delhi','LA',7500,'12:15:00'),
            (3,'Banglore','Mumbai',520,'02:15:00'),
            (4,'NY','Delhi',7300,'10:15:00'),
            (5,'Delhi','France',4200,'07:15:00'),
            (6,'Bangalore','Frankfurt',4600,'10:00:00'),
            (7,'Delhi','Frankfurt',3800,'12:00:00');

Query OK, 7 rows affected (0.02 sec)
Records: 7  Duplicates: 0  Warnings: 0
</pre>
<pre>
mysql> SELECT * FROM flight;
+------+------------+-----------+----------+----------+
| flno | from_where | to_where  | distance | departs  |
+------+------------+-----------+----------+----------+
|    1 | LA         | NY        |     2800 | 10:45:00 |
|    2 | Delhi      | LA        |     7500 | 12:15:00 |
|    3 | Banglore   | Mumbai    |      520 | 02:15:00 |
|    4 | NY         | Delhi     |     7300 | 10:15:00 |
|    5 | Delhi      | France    |     4200 | 07:15:00 |
|    6 | Bangalore  | Frankfurt |     4600 | 10:00:00 |
|    7 | Delhi      | Frankfurt |     3800 | 12:00:00 |
+------+------------+-----------+----------+----------+
7 rows in set (0.00 sec)

</pre>
<pre>
mysql> INSERT INTO aircraft (aid,aname,arange) values 
        (123,'Airbus',1000),
        (302,'Boeing',5000),
        (306,'Jet01',4000),
        (378,'Airbus380',8000),
        (456,'Aircraft',9000),
        (789,'Aircraft02',800),
        (951,'Aircraft03',1000);

Query OK, 7 rows affected (0.00 sec)
Records: 7  Duplicates: 0  Warnings: 0

mysql> SELECT * FROM aircraft;
+-----+------------+--------+
| aid | aname      | arange |
+-----+------------+--------+
| 123 | Airbus     |   1000 |
| 302 | Boeing     |   5000 |
| 306 | Jet01      |   4000 |
| 378 | Airbus380  |   8000 |
| 456 | Aircraft   |   9000 |
| 789 | Aircraft02 |    800 |
| 951 | Aircraft03 |   1000 |
+-----+------------+--------+
7 rows in set (0.00 sec)
</pre>
<pre>
mysql> INSERT INTO employees (eid,ename,salary) VALUES
        (1,'Antriksh',30000),
        (2,'Chirag',85000),
        (3,'Aman',50000),
        (4,'Dev',45000),
        (5,'Divyam',90000),
        (6,'Mayra',75000),
        (7,'Suryansh',100000);

Query OK, 7 rows affected (0.01 sec)
Records: 7  Duplicates: 0  Warnings: 0
</pre>
<pre>
mysql> SELECT * FROM employees;
+-----+----------+--------+
| eid | ename    | salary |
+-----+----------+--------+
|   1 | Antriksh |  30000 |
|   2 | Chirag   |  85000 |
|   3 | Aman     |  50000 |
|   4 | Dev      |  45000 |
|   5 | Divyam   |  90000 |
|   6 | Mayra    |  75000 |
|   7 | Suryansh | 100000 |
+-----+----------+--------+
7 rows in set (0.00 sec)
</pre>
<pre>
mysql> INSERT INTO certified (eid,aid) VALUES
        (1,123),
        (2,123),
        (1,302),
        (5,302),
        (7,302),
        (1,306),
        (2,306),
        (1,378),
        (2,378),
        (4,378),
        (6,456),
        (3,456),
        (5,789),
        (6,789),
        (3,951),
        (1,951),
        (1,789);

Query OK, 17 rows affected (0.30 sec)
Records: 17  Duplicates: 0  Warnings: 0
</pre>
<pre>
mysql> SELECT * FROM certified;
+-----+-----+
| eid | aid |
+-----+-----+
|   1 | 123 |
|   2 | 123 |
|   1 | 302 |
|   5 | 302 |
|   7 | 302 |
|   1 | 306 |
|   2 | 306 |
|   1 | 378 |
|   2 | 378 |
|   4 | 378 |
|   3 | 456 |
|   6 | 456 |
|   1 | 789 |
|   5 | 789 |
|   6 | 789 |
|   1 | 951 |
|   3 | 951 |
+-----+-----+
17 rows in set (0.00 sec)
</pre>

### Queries:
###5.Find the names of pilots certified for some Boeing aircraft.
<pre>
mysql> SELECT distinct e.ename
    -> FROM employees e,aircraft a,certified c
    -> WHERE e.eid=c.eid
    -> AND c.aid=a.aid
    -> AND a.aname='Boeing';
+-------+
| ename |
+-------+
| Ajay  |
| Ron   |
| Ram   |
+-------+
3 rows in set (0.00 sec)
</pre>

###1.Find the names of aircraft such that all pilots certified to operate them have salaries more than Rs 80,000.
<pre>
mysql> SELECT DISTINCT a.aname
    -> FROM aircraft a,certified c,employees e
    -> WHERE a.aid=c.aid
    -> AND c.eid=e.eid
    -> AND NOT EXISTS
    -> (SELECT *
    -> FROM employees e1
    -> WHERE e1.eid=e.eid
    -> AND e1.salary<80000);
+------------+
| aname      |
+------------+
| Airbus     |
| Boeing     |
| Jet01      |
| Airbus380  |
| Aircraft02 |
+------------+
5 rows in set (0.00 sec)
</pre>

###2.For each pilot who is certified for more than three aircrafts,find the eid and the maximum cruisingrange of the aircraft for which he/she is certified.
<pre>
mysql> SELECT c.eid,MAX(cruisingrange)
    -> FROM certified c,aircraft a
    -> WHERE c.aid=a.aid
    -> GROUP BY c.eid
    -> HAVING COUNT(*)>3;
+-----+--------------------+
| eid | max(cruisingrange) |
+-----+--------------------+
|   1 |               8000 |
+-----+--------------------+
1 row in set (0.00 sec)
</pre>

###3.Find the names of all pilots whose salary is less than the price of the cheapest route from Bangalore to Frankfurt.
<pre>
mysql> SELECT DISTINCT e.ename
    -> FROM employees e
    -> WHERE e.salary<
    -> (SELECT MIN(f.price)
    -> FROM flight f
    -> WHERE f.frm='Bangalore'
    -> AND f.too='Frankfurt');
+-------+
| ename |
+-------+
| Ajay  |
| Ajith |
| Arnab |
| Harry |
| Ron   |
| Josh  |
+-------+
6 rows in set (0.00 sec)
</pre>

###4.For all aircrafts with cruisingrange over 1000 kms,find the name of the aircraft and the average salary of all pilots certified for this aircraft.
<pre>
mysql> SELECT a.aid,a.aname,AVG(e.salary)
    -> FROM aircraft a,certified c,employees e
    -> WHERE a.aid=c.aid
    -> AND c.eid=e.eid
    -> AND a.cruisingrange>1000
    -> GROUP BY a.aid,a.aname;
+-----+-----------+---------------+
| aid | aname     | avg(e.salary) |
+-----+-----------+---------------+
| 302 | Boeing    |    73333.3333 |
| 306 | Jet01     |    57500.0000 |
| 378 | Airbus380 |    53333.3333 |
+-----+-----------+---------------+
3 rows in set (0.01 sec)
</pre>

###5.Find the names of pilots certified for some Boeing aircraft.
<pre>
mysql> SELECT distinct e.ename
    -> FROM employees e,aircraft a,certified c
    -> WHERE e.eid=c.eid
    -> AND c.aid=a.aid
    -> AND a.aname='Boeing';
+-------+
| ename |
+-------+
| Ajay  |
| Ron   |
| Ram   |
+-------+
3 rows in set (0.00 sec)
</pre>

###6.Find the aid's of all aircraft that can be used on routes from Bangalore to Delhi.
<pre>
mysql> SELECT a.aid
    -> FROM aircraft a
    -> WHERE a.cruisingrange>
    -> (SELECT MIN(f.distance)
    -> FROM flight f
    -> WHERE f.frm='Bangalore'
    -> AND f.too='Delhi');
+-----+
| aid |
+-----+
| 378 |
+-----+
1 row in set (0.00 sec)
</pre>


