## PROBLEM 2
### DESCRIPTION:
The following relations keep track of airline flight information:

* AUTHOR ( authorname, citizenship, birthyear) 
* BOOK (isbn, title, authorname)
* TOPIC (isbn, subject)
* BRANCH (libname, city)
* INSTOCK (isbn, libname, quantity)


### Queries:

<pre>Write each of the following queries in SQL.

1. Give all authors born after 1940.
2. Give the names of libraries in Sydney.
3. Give the cities where each book is held.
4. Give the title of each book on the topic of either alcohol or drugs.
5. Give the title and author of each book of which at least two copies are held in a branch located in Melbourne.
6. Give the name of each Italian author who wrote an autobiography.
7. Give the total number of books in stock in the branch called Fisher.
8. Give the total number of books in stock in the branches located in Sydney.

</pre>

### Create:
<pre>
mysql> CREATE DATABASE library;
Query OK, 1 row affected (0.01 sec)
</pre>
<pre>
mysql> USE library;
Database changed
mysql> CREATE TABLE author(
    -> authorname VARCHAR(20),
    -> citizenship VARCHAR(20),
    -> birthyear year);
Query OK, 0 rows affected (0.03 sec)</pre>
<pre>
mysql> DESC author;
+-------------+-------------+------+-----+---------+-------+
| Field       | Type        | Null | Key | Default | Extra |
+-------------+-------------+------+-----+---------+-------+
| authorname  | varchar(20) | YES  |     | NULL    |       |
| citizenship | varchar(20) | YES  |     | NULL    |       |
| birthyear   | year        | YES  |     | NULL    |       |
+-------------+-------------+------+-----+---------+-------+
3 rows in set (0.01 sec)
</pre>
<pre>
mysql> CREATE TABLE book(
    -> isbn CHAR(10) PRIMARY KEY,
    -> title VARCHAR(20),
    -> authorname VARCHAR(20));
Query OK, 0 rows affected (0.02 sec)
</pre>
<pre>
mysql> DESC book;
+------------+-------------+------+-----+---------+-------+
| Field      | Type        | Null | Key | Default | Extra |
+------------+-------------+------+-----+---------+-------+
| isbn       | char(10)    | NO   | PRI | NULL    |       |
| title      | varchar(20) | YES  |     | NULL    |       |
| authorname | varchar(20) | YES  |     | NULL    |       |
+------------+-------------+------+-----+---------+-------+
3 rows in set (0.00 sec)
</pre>
<pre>
mysql> CREATE TABLE topic(
    -> isbn CHAR(10) PRIMARY KEY,
    -> subject VARCHAR(20));
Query OK, 0 rows affected (0.02 sec)
</pre>
<pre>
mysql> DESC topic;
+---------+-------------+------+-----+---------+-------+
| Field   | Type        | Null | Key | Default | Extra |
+---------+-------------+------+-----+---------+-------+
| isbn    | char(10)    | NO   | PRI | NULL    |       |
| subject | varchar(20) | YES  |     | NULL    |       |
+---------+-------------+------+-----+---------+-------+
2 rows in set (0.00 sec)
</pre>
<pre>
mysql> CREATE TABLE branch(
    -> libname VARCHAR(20),
    -> city VARCHAR(20));
Query OK, 0 rows affected (0.01 sec)
</pre>
<pre>
mysql> DESC branch;
+---------+-------------+------+-----+---------+-------+
| Field   | Type        | Null | Key | Default | Extra |
+---------+-------------+------+-----+---------+-------+
| libname | varchar(20) | YES  |     | NULL    |       |
| city    | varchar(20) | YES  |     | NULL    |       |
+---------+-------------+------+-----+---------+-------+
2 rows in set (0.00 sec)
</pre>

<pre>
mysql> CREATE TABLE instock(
    -> isbn CHAR(10),
    -> libname VARCHAR(20),
    -> quantity INT,
    -> PRIMARY KEY(isbn,libname));
Query OK, 0 rows affected (0.02 sec)
</pre>
<pre>
mysql> DESC instock;
+----------+-------------+------+-----+---------+-------+
| Field    | Type        | Null | Key | Default | Extra |
+----------+-------------+------+-----+---------+-------+
| isbn     | char(10)    | NO   | PRI | NULL    |       |
| libname  | varchar(20) | NO   | PRI | NULL    |       |
| quantity | int         | YES  |     | NULL    |       |
+----------+-------------+------+-----+---------+-------+
3 rows in set (0.04 sec)
</pre>

### Insertion:
<pre>mysql> INSERT INTO author VALUES 
            ('Antriksh','Indian',2003),
            ('Chirag','Pakistani',1920),
            ('Maahir','American',1984),
            ('Suryansh','Canadian',1970),
            ('Dev','British',2000),
            ('Divyam','Albanian',1970),
            ('Mayra','Italian',1930);

Query OK, 7 rows affected (0.01 sec)
Records: 7  Duplicates: 0  Warnings: 0
</pre>
<pre>
mysql> SELECT * from author;
+------------+-------------+-----------+
| authorname | citizenship | birthyear |
+------------+-------------+-----------+
| Antriksh   | Indian      |      2003 |
| Chirag     | Pakistani   |      1920 |
| Maahir     | American    |      1984 |
| Suryansh   | Canadian    |      1970 |
| Dev        | British     |      2000 |
| Divyam     | Albanian    |      1970 |
| Mayra      | Italian     |      1930 |
+------------+-------------+-----------+
7 rows in set (0.00 sec)
</pre>
<pre>
mysql> INSERT INTO book VALUES 
            ('6527808083','My Journey','Mayra'),
            ('8182808637','Mists of Venus','Mayra'),
            ('8182768636','Avian Light','Antriksh'),
            ('9882808675','2132:Beta','Divyam'),
            ('8189008624','Quantum Gun','Suryansh'),
            ('8382808613','Blue Colony','Chirag'),
            ('5182808632','Elysium Falling','Antriksh'),
            ('7682808654','Sanctum','Maahir'),
            ('8882808611','The End','Dev');
            

Query OK, 9 rows affected (0.01 sec)
Records: 9  Duplicates: 0  Warnings: 0
</pre>
<pre>
mysql> SELECT * FROM book;
+------------+-----------------+------------+
| isbn       | title           | authorname |
+------------+-----------------+------------+
| 5182808632 | Elysium Falling | Antriksh   |
| 6527808083 | My Journey      | Mayra      |
| 7682808654 | Sanctum         | Maahir     |
| 8182768636 | Avian Light     | Antriksh   |
| 8182808637 | Mists of Venus  | Mayra      |
| 8189008624 | Quantum Gun     | Suryansh   |
| 8382808613 | Blue Colony     | Chirag     |
| 8882808611 | The End         | Dev        |
| 9882808675 | 2132:Beta       | Divyam     |
+------------+-----------------+------------+
9 rows in set (0.00 sec)
</pre>

<pre>
mysql> INSERT INTO topic VALUES            
            ('6527808083','Autobiography'),            
            ('8182808637','Astronomy'),            
            ('8182768636','Alcohol'),            
            ('9882808675','Mathematics'),            
            ('8189008624','Science'),            
            ('8382808613','Fiction'),            
            ('5182808632','Science'),            
            ('7682808654','Self Help'),            
            ('8882808611','Drugs');
            

Query OK, 9 rows affected (0.01 sec)
Records: 9  Duplicates: 0  Warnings: 0
</pre>
<pre>
mysql> SELECT * FROM topic;
+------------+---------------+
| isbn       | subject       |
+------------+---------------+
| 5182808632 | Science       |
| 6527808083 | Autobiography |
| 7682808654 | Self Help     |
| 8182768636 | Alcohol       |
| 8182808637 | Astronomy     |
| 8189008624 | Science       |
| 8382808613 | Fiction       |
| 8882808611 | Drugs         |
| 9882808675 | Mathematics   |
+------------+---------------+
9 rows in set (0.00 sec)
</pre>
<pre>
mysql> INSERT INTO branch VALUES
        ('Hexaworks','Melbourne'),
        ('Windwill','Sydney'),
        ('Lucent','Sydney'),
        ('Readobrite','Delhi'),
        ('Fisher','Ney York');

Query OK, 5 rows affected (0.01 sec)
Records: 5  Duplicates: 0  Warnings: 0
</pre>
<pre>
mysql> SELECT * FROM branch;
+------------+-----------+
| libname    | city      |
+------------+-----------+
| Hexaworks  | Melbourne |
| Windwill   | Sydney    |
| Lucent     | Sydney    |
| Readobrite | Delhi     |
| Fisher     | Ney York  |
+------------+-----------+
5 rows in set (0.00 sec)
</pre>
<pre>
mysql> INSERT INTO instock VALUES 
            ('6527808083','Hexaworks',10),
            ('6527808083','Windwill',20),
            ('8182808637','Hexaworks',20),
            ('8182808637','Readobrite',80),
            ('8182808637','Fisher',30),
            ('8182768636','Lucent',20),
            ('9882808675','Readobrite',20),
            ('8189008624','Lucent','10'),
            ('8189008624','Hexaworks','10'),
            ('8382808613','Windwill','30'),
            ('5182808632','Lucent','100'),
            ('7682808654','Fisher','40'),
            ('8882808611','Readobrite','20'),
            ('8882808611','Fisher','20');

Query OK, 14 rows affected (0.01 sec)
Records: 14  Duplicates: 0  Warnings: 0
</pre>
<pre>
mysql> SELECT * FROM instock;
+------------+------------+----------+
| isbn       | libname    | quantity |
+------------+------------+----------+
| 5182808632 | Lucent     |      100 |
| 6527808083 | Hexaworks  |       10 |
| 6527808083 | Windwill   |       20 |
| 7682808654 | Fisher     |       40 |
| 8182768636 | Lucent     |       20 |
| 8182808637 | Fisher     |       30 |
| 8182808637 | Hexaworks  |       20 |
| 8182808637 | Readobrite |       80 |
| 8189008624 | Hexaworks  |       10 |
| 8189008624 | Lucent     |       10 |
| 8382808613 | Windwill   |       30 |
| 8882808611 | Fisher     |       20 |
| 8882808611 | Readobrite |       20 |
| 9882808675 | Readobrite |       20 |
+------------+------------+----------+
14 rows in set (0.00 sec)

</pre>

### Queries:
### 1. Give all authors born after 1940.
<pre>
mysql> SELECT authorname FROM author
    -> WHERE birthyear > 1940;
+------------+
| authorname |
+------------+
| Antriksh   |
| Maahir     |
| Suryansh   |
| Dev        |
| Divyam     |
+------------+
5 rows in set (0.00 sec)
</pre>

### 2. Give the names of libraries in Sydney.
<pre>
mysql> SELECT libname from branch
    -> WHERE city = 'sydney';
+----------+
| libname  |
+----------+
| Windwill |
| Lucent   |
+----------+
2 rows in set (0.00 sec)
</pre>

### 3. Give the cities where each book is held.
<pre>
mysql> SELECT distinct city FROM branch
    -> WHERE libname IN (SELECT distinct libname
    -> FROM instock);
+-----------+
| city      |
+-----------+
| Melbourne |
| Sydney    |
| Delhi     |
| Ney York  |
+-----------+
4 rows in set (0.00 sec)
</pre>

### 4. Give the title of each book on the topic of either alcohol or drugs.
<pre>
mysql> SELECT b.title FROM book b,topic t
    -> WHERE b.isbn = t.isbn AND
    -> t.subject in ('Alcohol','Drugs');
+-------------+
| title       |
+-------------+
| Avian Light |
| The End     |
+-------------+
2 rows in set (0.00 sec)
</pre>

### 5. Give the title and author of each book of which at least two copies are held in a branch located in Melbourne.
<pre>
mysql> SELECT b.title,a.authorname FROM
    -> author a,book b,branch c,instock i
    -> WHERE b.isbn = i.isbn AND c.libname = i.libname AND a.authorname=b.authorname
    -> AND c.city ='Melbourne' AND quantity >= 2;
+----------------+------------+
| title          | authorname |
+----------------+------------+
| Quantum Gun    | Suryansh   |
| Mists of Venus | Mayra      |
| My Journey     | Mayra      |
+----------------+------------+
3 rows in set (0.00 sec)
</pre>

### 6. Give the name of each Italian author who wrote an autobiography.
<pre>
mysql> SELECT a.authorname FROM
    -> author a,book b,topic t
    -> WHERE a.authorname = b.authorname AND b.isbn = t.isbn
    -> AND t.subject = 'autobiography' AND a.citizenship = 'Italian';
+------------+
| authorname |
+------------+
| Mayra      |
+------------+
1 row in set (0.00 sec)
</pre>

### 7. Give the total number of books in stock in the branch called Fisher.
<pre>
mysql> SELECT COUNT(distinct isbn) as Total_Titles,
    -> SUM(quantity) as Total_copies FROM instock
    -> WHERE libname = 'Fisher';
+--------------+--------------+
| Total_Titles | Total_copies |
+--------------+--------------+
|            3 |           90 |
+--------------+--------------+
1 row in set (0.00 sec)
</pre>

### 8. Give the total number of books in stock in the branches located in Sydney.
<pre>
mysql> SELECT SUM(i.quantity) as Total_copies FROM
    -> instock i,branch b WHERE
    -> b.libname = i.libname AND
    -> city = 'Sydney';
+--------------+
| Total_copies |
+--------------+
|          180 |
+--------------+
1 row in set (0.00 sec)
</pre>
