## PROGRAM 2
### DESCRIPTION:
The following relations keep track of airline flight information:

* AUTHOR ( authorname, citizenship, birthyear) 
* BOOK (isbn, title, authorname)
* TOPIC (isbn, subject)
* BRANCH (libname, city)
* INSTOCK (isbn, libname, quantity)


### Queries:

<pre>Write each of the following queries in SQL.

1. Give all authors born after 1940.
2. Give the names of libraries in Sydney.
3. Give the cities where each book is held.
4. Give the title of each book on the topic of either alcohol or drugs.
5. Give the title and author of each book of which at least two copies are held in a branch located in Melbourne.
6. Give the name of each Italian author who wrote an autobiography.
7. Give the total number of books in stock in the branch called Fisher. This could mean the number of different titles, or the number of physical copies.
8. Give the total number of books in stock in the branches located in Sydney.

</pre>

### Create:
<pre>
mysql> CREATE DATABASE library;
Query OK, 1 row affected (0.01 sec)
</pre>
<pre>
mysql> USE library;
Database changed
mysql> CREATE TABLE author(
    -> authorname VARCHAR(20),
    -> citizenship VARCHAR(20),
    -> birthyear year);
Query OK, 0 rows affected (0.03 sec)</pre>
<pre>
mysql> DESC author;
+-------------+-------------+------+-----+---------+-------+
| Field       | Type        | Null | Key | Default | Extra |
+-------------+-------------+------+-----+---------+-------+
| authorname  | varchar(20) | YES  |     | NULL    |       |
| citizenship | varchar(20) | YES  |     | NULL    |       |
| birthyear   | year        | YES  |     | NULL    |       |
+-------------+-------------+------+-----+---------+-------+
3 rows in set (0.01 sec)
</pre>
<pre>
mysql> CREATE TABLE book(
    -> isbn CHAR(10) PRIMARY KEY,
    -> title VARCHAR(20),
    -> authorname VARCHAR(20));
Query OK, 0 rows affected (0.02 sec)
</pre>
<pre>
mysql> DESC book;
+------------+-------------+------+-----+---------+-------+
| Field      | Type        | Null | Key | Default | Extra |
+------------+-------------+------+-----+---------+-------+
| isbn       | char(10)    | NO   | PRI | NULL    |       |
| title      | varchar(20) | YES  |     | NULL    |       |
| authorname | varchar(20) | YES  |     | NULL    |       |
+------------+-------------+------+-----+---------+-------+
3 rows in set (0.00 sec)
</pre>
<pre>
mysql> CREATE TABLE topic(
    -> isbn CHAR(10) PRIMARY KEY,
    -> subject VARCHAR(20));
Query OK, 0 rows affected (0.02 sec)
</pre>
<pre>
mysql> DESC topic;
+---------+-------------+------+-----+---------+-------+
| Field   | Type        | Null | Key | Default | Extra |
+---------+-------------+------+-----+---------+-------+
| isbn    | char(10)    | NO   | PRI | NULL    |       |
| subject | varchar(20) | YES  |     | NULL    |       |
+---------+-------------+------+-----+---------+-------+
2 rows in set (0.00 sec)
</pre>
<pre>
mysql> CREATE TABLE branch(
    -> libname VARCHAR(20),
    -> city VARCHAR(20));
Query OK, 0 rows affected (0.01 sec)
</pre>
<pre>
mysql> DESC branch;
+---------+-------------+------+-----+---------+-------+
| Field   | Type        | Null | Key | Default | Extra |
+---------+-------------+------+-----+---------+-------+
| libname | varchar(20) | YES  |     | NULL    |       |
| city    | varchar(20) | YES  |     | NULL    |       |
+---------+-------------+------+-----+---------+-------+
2 rows in set (0.00 sec)
</pre>

<pre>
mysql> CREATE TABLE instock(
    -> isbn CHAR(10) PRIMARY KEY,
    -> libname VARCHAR(20),
    -> quantity INT);
Query OK, 0 rows affected (0.02 sec)
</pre>
<pre>
mysql> DESC instock;
+----------+-------------+------+-----+---------+-------+
| Field    | Type        | Null | Key | Default | Extra |
+----------+-------------+------+-----+---------+-------+
| isbn     | char(10)    | NO   | PRI | NULL    |       |
| libname  | varchar(20) | YES  |     | NULL    |       |
| quantity | int         | YES  |     | NULL    |       |
+----------+-------------+------+-----+---------+-------+
3 rows in set (0.00 sec)
</pre>

### Insertion:
<pre>mysql> INSERT INTO author VALUES 
            ('Antriksh','Indian',2003),
            ('Chirag','Pakistani',1920),
            ('Maahir','American',1984),
            ('Suryansh','Canadian',1970),
            ('Dev','British',2000),
            ('Divyam','Albanian',1970),
            ('Mayra','Iranian',1930);

Query OK, 7 rows affected (0.01 sec)
Records: 7  Duplicates: 0  Warnings: 0
</pre>
<pre>
mysql> SELECT * from author;
+------------+-------------+-----------+
| authorname | citizenship | birthyear |
+------------+-------------+-----------+
| Antriksh   | Indian      |      2003 |
| Chirag     | Pakistani   |      1920 |
| Maahir     | American    |      1984 |
| Suryansh   | Canadian    |      1970 |
| Dev        | British     |      2000 |
| Divyam     | Albanian    |      1970 |
| Mayra      | Iranian     |      1930 |
+------------+-------------+-----------+
7 rows in set (0.00 sec)
</pre>
<pre>
mysql> INSERT INTO book VALUES 
            ('6527808083','My Journey','Mayra'),
            ('8182808637','Mists of Venus','Mayra'),
            ('8182768636','Avian Light','Antriksh'),
            ('9882808675','2132:Beta','Divyam'),
            ('8189008624','Quantum Gun','Suryansh'),
            ('8382808613','Blue Colony','Chirag'),
            ('5182808632','Elysium Falling','Antriksh'),
            ('7682808654','Sanctum','Maahir'),
            ('8882808611','The End','Dev');
            

Query OK, 9 rows affected (0.01 sec)
Records: 9  Duplicates: 0  Warnings: 0
</pre>
<pre>
mysql> SELECT * FROM book;
+------------+-----------------+------------+
| isbn       | title           | authorname |
+------------+-----------------+------------+
| 5182808632 | Elysium Falling | Antriksh   |
| 6527808083 | My Journey      | Mayra      |
| 7682808654 | Sanctum         | Maahir     |
| 8182768636 | Avian Light     | Antriksh   |
| 8182808637 | Mists of Venus  | Mayra      |
| 8189008624 | Quantum Gun     | Suryansh   |
| 8382808613 | Blue Colony     | Chirag     |
| 8882808611 | The End         | Dev        |
| 9882808675 | 2132:Beta       | Divyam     |
+------------+-----------------+------------+
9 rows in set (0.00 sec)
</pre>

<pre>
mysql> INSERT INTO topic VALUES            
            ('6527808083','Autobiography'),            
            ('8182808637','Astronomy'),            
            ('8182768636','Alcohol'),            
            ('9882808675','Mathematics'),            
            ('8189008624','Science'),            
            ('8382808613','Fiction'),            
            ('5182808632','Science'),            
            ('7682808654','Self Help'),            
            ('8882808611','Drugs');
            

Query OK, 9 rows affected (0.01 sec)
Records: 9  Duplicates: 0  Warnings: 0
</pre>
<pre>
mysql> SELECT * FROM topic;
+------------+---------------+
| isbn       | subject       |
+------------+---------------+
| 5182808632 | Science       |
| 6527808083 | Autobiography |
| 7682808654 | Self Help     |
| 8182768636 | Alcohol       |
| 8182808637 | Astronomy     |
| 8189008624 | Science       |
| 8382808613 | Fiction       |
| 8882808611 | Drugs         |
| 9882808675 | Mathematics   |
+------------+---------------+
9 rows in set (0.00 sec)
</pre>
<pre>
mysql> INSERT INTO branch VALUES
        ('Hexaworks','Melbourne'),
        ('Windwill','Sydney'),
        ('Lucent','Sydney'),
        ('Readobrite','India'),
        ('Fischer','Ney York');

Query OK, 5 rows affected (0.01 sec)
Records: 5  Duplicates: 0  Warnings: 0
</pre>
<pre>
mysql> SELECT * FROM branch;
+------------+-----------+
| libname    | city      |
+------------+-----------+
| Hexaworks  | Melbourne |
| Windwill   | Sydney    |
| Lucent     | Sydney    |
| Readobrite | India     |
| Fischer    | Ney York  |
+------------+-----------+
5 rows in set (0.00 sec)
</pre>
<pre>
mysql> INSERT INTO certified (edit,aid) VALUES
        (1,123),
        (2,123),
        (1,302),
        (5,302),
        (7,302),
        (1,306),
        (2,306),
        (1,378),
        (2,378),
        (4,378),
        (6,456),
        (3,456),
        (5,789),
        (6,789),
        (3,951),
        (1,951),
        (1,789);

Query OK, 17 rows affected (0.30 sec)
Records: 17  Duplicates: 0  Warnings: 0
</pre>
<pre>
mysql> SELECT * FROM certified;
+-----+-----+
| eid | aid |
+-----+-----+
|   1 | 123 |
|   2 | 123 |
|   1 | 302 |
|   5 | 302 |
|   7 | 302 |
|   1 | 306 |
|   2 | 306 |
|   1 | 378 |
|   2 | 378 |
|   4 | 378 |
|   3 | 456 |
|   6 | 456 |
|   1 | 789 |
|   5 | 789 |
|   6 | 789 |
|   1 | 951 |
|   3 | 951 |
+-----+-----+
17 rows in set (0.00 sec)
</pre>

### Queries:
###1.Find the names of aircraft such that all pilots certified to operate them have salaries more than Rs 80,000.
<pre>
mysql> SELECT DISTINCT a.aname
    -> FROM aircraft a,certified c,employees e
    -> WHERE a.aid=c.aid
    -> AND c.eid=e.eid
    -> AND NOT EXISTS
    -> (SELECT *
    -> FROM employees e1
    -> WHERE e1.eid=e.eid
    -> AND e1.salary<80000);
+------------+
| aname      |
+------------+
| Airbus     |
| Boeing     |
| Jet01      |
| Airbus380  |
| Aircraft02 |
+------------+
5 rows in set (0.00 sec)
</pre>

###2.For each pilot who is certified for more than three aircrafts,find the eid and the maximum cruisingrange of the aircraft for which he/she is certified.
<pre>
mysql> SELECT c.eid,MAX(cruisingrange)
    -> FROM certified c,aircraft a
    -> WHERE c.aid=a.aid
    -> GROUP BY c.eid
    -> HAVING COUNT(*)>3;
+-----+--------------------+
| eid | max(cruisingrange) |
+-----+--------------------+
|   1 |               8000 |
+-----+--------------------+
1 row in set (0.00 sec)
</pre>

###3.Find the names of all pilots whose salary is less than the price of the cheapest route from Bangalore to Frankfurt.
<pre>
mysql> SELECT DISTINCT e.ename
    -> FROM employees e
    -> WHERE e.salary<
    -> (SELECT MIN(f.price)
    -> FROM flight f
    -> WHERE f.frm='Bangalore'
    -> AND f.too='Frankfurt');
+-------+
| ename |
+-------+
| Ajay  |
| Ajith |
| Arnab |
| Harry |
| Ron   |
| Josh  |
+-------+
6 rows in set (0.00 sec)
</pre>

###4.For all aircrafts with cruisingrange over 1000 kms,find the name of the aircraft and the average salary of all pilots certified for this aircraft.
<pre>
mysql> SELECT a.aid,a.aname,AVG(e.salary)
    -> FROM aircraft a,certified c,employees e
    -> WHERE a.aid=c.aid
    -> AND c.eid=e.eid
    -> AND a.cruisingrange>1000
    -> GROUP BY a.aid,a.aname;
+-----+-----------+---------------+
| aid | aname     | avg(e.salary) |
+-----+-----------+---------------+
| 302 | Boeing    |    73333.3333 |
| 306 | Jet01     |    57500.0000 |
| 378 | Airbus380 |    53333.3333 |
+-----+-----------+---------------+
3 rows in set (0.01 sec)
</pre>

###5.Find the names of pilots certified for some Boeing aircraft.
<pre>
mysql> SELECT distinct e.ename
    -> FROM employees e,aircraft a,certified c
    -> WHERE e.eid=c.eid
    -> AND c.aid=a.aid
    -> AND a.aname='Boeing';
+-------+
| ename |
+-------+
| Ajay  |
| Ron   |
| Ram   |
+-------+
3 rows in set (0.00 sec)
</pre>

###6.Find the aid's of all aircraft that can be used on routes from Bangalore to Delhi.
<pre>
mysql> SELECT a.aid
    -> FROM aircraft a
    -> WHERE a.cruisingrange>
    -> (SELECT MIN(f.distance)
    -> FROM flight f
    -> WHERE f.frm='Bangalore'
    -> AND f.too='Delhi');
+-----+
| aid |
+-----+
| 378 |
+-----+
1 row in set (0.00 sec)
</pre>
